,City,Temperature,Latitude,Longitude,Cloudiness,Wind_Speed,Humidity
0,butaritari,28.09,3.0707,172.7902,39,5.48,76
1,mataura,8.33,-46.1927,168.8643,92,1.34,91
2,sorland,2.76,67.667,12.6934,61,11.24,67
3,atar,31.37,20.5169,-13.0499,2,4.25,12
4,bethel,20.71,41.3712,-73.414,1,3.6,21
5,vardo,1.12,70.3705,31.1107,100,9.93,84
6,holme,3.61,56.1138,10.1725,20,2.06,56
7,punta arenas,10.77,-53.15,-70.9167,40,4.12,71
8,ushuaia,13.0,-54.8,-68.3,75,2.57,54
9,vaini,22.0,-21.2,-175.2,40,0.51,100
10,qaanaaq,-2.36,77.484,-69.3632,85,2.94,71
11,rikitea,25.83,-23.1203,-134.9692,100,7.77,74
12,sao filipe,22.41,14.8961,-24.4956,38,4.7,75
13,hermanus,17.22,-34.4187,19.2345,100,2.24,81
14,cherskiy,-8.53,68.75,161.3,91,4.99,95
15,east london,19.37,-33.0153,27.9116,70,2.22,85
16,luderitz,17.61,-26.6481,15.1594,14,0.93,78
17,saint-philippe,22.9,-21.3585,55.7679,20,11.83,83
18,san juan,23.15,-31.5375,-68.5364,0,4.19,26
19,hearst,-3.0,49.6835,-83.6665,100,4.12,80
20,chokurdakh,-23.43,70.6333,147.9167,5,2.17,95
21,khatanga,0.14,71.9667,102.5,100,7.71,97
22,georgetown,26.87,5.4112,100.3354,40,1.03,89
23,new norfolk,7.75,-42.7826,147.0587,99,1.34,86
24,jamestown,15.21,42.097,-79.2353,1,3.09,30
25,magadan,-8.79,59.5667,150.8,95,5.09,68
26,mar del plata,18.14,-38.0023,-57.5575,40,6.69,55
27,aklavik,3.0,68.2191,-135.0107,20,1.03,52
28,busselton,11.11,-33.65,115.3333,0,0.64,89
29,airai,14.0,-8.9266,125.4092,58,1.23,92
30,atuona,27.11,-9.8,-139.0333,2,8.46,70
31,guerrero negro,19.97,27.9769,-114.0611,3,7.37,56
32,visnes,5.0,59.3556,5.2242,6,12.35,70
33,hervey bay,15.56,-25.2986,152.8535,0,1.34,87
34,barrow,-6.0,71.2906,-156.7887,1,1.54,93
35,seoul,10.34,37.5683,126.9778,0,1.54,87
36,gondanglegi,22.77,-7.7479,112.0132,1,2.22,84
37,bluff,8.33,-46.6,168.3333,96,1.34,91
38,khani,10.0,41.9563,42.9566,0,1.03,93
39,dikson,-15.16,73.5069,80.5464,17,4.51,98
40,bengkulu,24.04,-3.8004,102.2655,100,1.57,88
41,arraial do cabo,25.57,-22.9661,-42.0278,20,5.66,73
42,ulladulla,8.02,-35.35,150.4667,90,3.6,71
43,ayagoz,0.58,47.9714,80.4392,35,3.01,42
44,tiksi,-0.81,71.6872,128.8694,100,4.95,93
45,aripuana,27.64,-9.1667,-60.6333,81,0.49,89
46,kahului,22.0,20.8947,-156.47,40,7.72,83
47,berlevag,0.94,70.8578,29.0864,98,6.25,70
48,port alfred,19.33,-33.5906,26.891,50,3.82,86
49,xiuyan,6.75,40.2928,123.2744,41,3.02,45
50,udachnyy,-8.99,66.4167,112.4,100,1.49,97
51,san cristobal,32.0,7.7669,-72.225,40,6.17,55
52,carman,7.0,49.4992,-98.0016,100,4.12,16
53,gornyye klyuchi,0.14,45.25,133.5,73,1.49,64
54,springbok,19.11,-29.6643,17.8865,79,0.98,43
55,iracoubo,25.57,5.4802,-53.2011,100,5.51,87
56,coquimbo,17.0,-29.9533,-71.3436,20,5.66,67
57,kapaa,24.47,22.0752,-159.319,40,7.72,69
58,hadgaon,31.3,19.5,77.6667,0,2.35,15
59,abu samrah,23.61,35.3029,37.1841,93,4.3,36
60,yellowknife,-7.62,62.456,-114.3525,75,5.14,53
61,avarua,27.0,-21.2078,-159.775,40,5.14,74
62,ocampo,30.56,21.65,-101.5,100,4.51,50
63,carnarvon,18.0,-24.8667,113.6333,0,4.12,82
64,san patricio,35.02,28.017,-97.5169,1,6.17,11
65,kodiak,7.0,57.79,-152.4072,90,3.6,76
66,popondetta,22.35,-8.7537,148.2534,100,1.2,96
67,thompson,-4.0,55.7435,-97.8558,75,2.57,54
68,haines junction,8.0,60.7522,-137.5108,16,1.03,31
69,bredasdorp,12.0,-34.5322,20.0403,87,1.54,87
70,harper,27.85,4.375,-7.7169,92,4.76,79
71,antofagasta,19.0,-23.65,-70.4,20,5.66,55
72,new port richey,28.73,28.2442,-82.7193,100,1.34,61
73,saint anthony,6.75,45.0205,-93.218,75,4.12,53
74,igrim,5.74,63.1906,64.4162,100,2.26,84
75,geraldton,15.0,-28.7667,114.6,57,2.06,94
76,partizanskoye,0.14,55.5006,94.39,100,1.19,96
77,belmonte,28.0,-15.8631,-38.8828,40,5.66,69
78,chuy,21.04,-33.6971,-53.4616,100,2.19,78
79,san quintin,17.99,30.4833,-115.95,21,8.16,66
80,victoria,23.58,22.2855,114.1577,77,0.45,87
81,comodoro rivadavia,19.0,-45.8667,-67.5,75,2.06,55
82,dutlwe,19.22,-23.9833,23.9,0,1.89,25
83,ribeira grande,15.0,38.5167,-28.7,40,6.17,67
84,tuktoyaktuk,-4.0,69.4541,-133.0374,40,2.57,80
85,araouane,33.79,18.9048,-3.5265,61,2.54,10
86,wuda,8.66,39.4994,106.7117,100,4.31,74
87,mount gambier,11.0,-37.8333,140.7667,75,2.06,93
88,sosnovo-ozerskoye,3.58,52.5249,111.5418,97,2.72,22
89,gornopravdinsk,3.17,60.05,69.9,100,1.61,83
90,banda aceh,26.5,5.5577,95.3222,100,4.79,74
91,uvarovka,-0.29,55.5278,35.6061,35,3.4,81
92,emerald,15.8,-23.5333,148.1667,19,4.63,44
93,boyle,10.99,37.6334,-84.8666,90,4.12,100
94,inhambane,22.19,-23.865,35.3833,0,4.25,79
95,verkhnevilyuysk,-1.02,63.4453,120.3167,100,1.67,94
96,isangel,25.76,-19.55,169.2667,98,4.91,78
97,hilo,20.15,19.7297,-155.09,90,2.06,83
98,yerbogachen,-1.68,61.2767,108.0108,100,0.66,96
99,dalby,5.0,-27.1833,151.2667,67,2.57,100
100,hovd,-3.48,48.0056,91.6419,34,6.26,21
101,cape town,15.93,-33.9258,18.4232,0,3.09,88
102,lebu,13.98,-37.6167,-73.65,0,7.56,71
103,mandera,27.88,3.9366,41.867,81,2.16,66
104,mozhaysk,0.03,55.5019,36.0272,65,3.62,82
105,gisborne,12.75,-38.6533,178.0042,5,2.83,77
106,clyde river,-8.0,70.4692,-68.5914,75,4.12,100
107,acarau,27.12,-2.8856,-40.12,96,6.54,82
108,hobyo,28.99,5.3505,48.5268,76,5.51,69
109,ornskoldsvik,1.0,63.2909,18.7153,20,5.14,55
110,aswan,30.25,24.0934,32.907,0,6.47,9
111,puerto ayora,26.79,-0.7393,-90.3518,75,4.12,78
112,mahebourg,26.0,-20.4081,57.7,75,7.72,83
113,valparai,25.0,10.3667,76.9667,75,0.98,94
114,miraflores,26.88,19.2167,-98.8083,1,2.06,17
115,castro,21.24,-24.7911,-50.0119,81,0.79,64
116,flin flon,-1.0,54.7682,-101.865,75,3.01,37
117,svay rieng,27.01,11.0879,105.7993,43,2.94,77
118,meulaboh,24.27,4.1363,96.1285,100,1.12,85
119,venice,28.94,27.0998,-82.4543,1,6.69,74
120,svetlaya,2.56,46.5389,138.3297,100,2.72,68
121,gursu,13.0,40.2188,29.1949,75,2.57,71
122,bambous virieux,26.05,-20.3428,57.7575,75,7.72,83
123,alpena,14.0,45.0617,-83.4327,90,3.6,47
124,oranjestad,30.0,12.524,-70.027,20,10.8,62
125,toora-khem,-1.32,52.4675,96.11,100,1.91,84
126,vicovu de sus,6.94,47.9333,25.6833,0,0.51,65
127,colares,17.44,38.7992,-9.4469,20,3.6,88
128,naze,17.82,28.3667,129.4833,94,8.84,69
129,saint-augustin,4.48,51.226,-58.6502,91,3.05,74
130,hami,7.85,42.8,93.45,94,3.99,25
131,albany,19.77,42.6001,-73.9662,88,3.42,17
132,husavik,10.0,66.0449,-17.3389,0,4.12,62
133,sigli,25.44,5.3848,95.9609,100,2.32,77
134,saltillo,25.42,25.4167,-101.0,3,1.34,18
135,port elizabeth,14.0,-33.918,25.5701,0,3.6,100
136,linqiong,19.0,30.4159,103.4609,40,2.0,72
137,ponta do sol,13.97,32.6667,-17.1,21,1.34,77
138,mogadishu,28.22,2.0371,45.3438,97,6.05,75
139,kruisfontein,15.0,-34.0033,24.7314,96,1.51,92
140,vestmannaeyjar,8.01,63.4427,-20.2734,100,8.77,82
141,port lincoln,14.14,-34.7333,135.8667,0,1.54,71
142,la ronge,-2.0,55.1001,-105.2842,100,2.57,39
143,maine-soroa,33.07,13.2114,12.0241,64,3.66,16
144,eureka,12.12,40.8021,-124.1637,100,3.13,75
145,senanga,19.79,-16.1167,23.2667,71,2.07,52
146,leshukonskoye,7.92,64.8989,45.7622,42,2.83,67
147,warrnambool,11.11,-38.3833,142.4833,93,2.61,96
148,margate,7.22,51.3813,1.3862,100,2.24,81
149,najran,28.0,17.4924,44.1277,75,5.14,24
150,lazaro cardenas,29.51,17.9583,-102.2,100,4.78,52
151,norman wells,2.0,65.282,-126.8329,75,4.63,44
152,lahij,25.77,13.1667,44.5833,20,1.74,62
153,the valley,28.75,18.217,-63.0578,40,5.66,65
154,carutapera,26.93,-1.195,-46.02,100,2.45,81
155,port moresby,24.0,-9.4431,147.1797,75,1.54,94
156,bonavista,9.0,48.6499,-53.1147,90,6.69,53
157,awjilah,18.65,29.1081,21.2869,0,10.63,67
158,faanui,26.67,-16.4833,-151.75,100,4.37,74
159,matara,25.27,5.9485,80.5353,97,1.84,89
160,constitucion,17.94,-35.3333,-72.4167,6,7.11,59
161,baoshan,3.91,46.5586,131.4244,39,7.34,46
162,kosh-agach,-9.81,50.0,88.6667,42,2.1,74
163,upernavik,1.31,72.7868,-56.1549,11,2.73,85
164,yeniseysk,0.42,58.4497,92.1703,100,1.03,98
165,mastic beach,17.23,40.7668,-72.8521,1,5.14,30
166,kaeo,11.67,-35.1,173.7833,18,1.34,96
167,derzhavinsk,8.15,51.1,66.3167,93,8.47,41
168,bhuj,28.03,23.2667,69.6667,15,3.81,57
169,sola,28.14,-13.8833,167.55,100,8.02,76
170,vanimo,24.74,-2.6741,141.3028,100,1.69,87
171,hoa binh,27.0,20.8133,105.3383,75,3.6,94
172,aktau,14.0,43.65,51.2,0,5.0,62
173,lernapat,10.0,40.8163,44.3926,5,0.51,66
174,salalah,27.79,17.0151,54.0924,51,2.74,74
175,cayenne,26.49,4.9333,-52.3333,75,2.57,83
176,mecca,30.68,21.4267,39.8261,99,1.87,31
177,fare,26.77,-16.7,-151.0167,100,3.58,71
178,yeppoon,19.0,-23.1333,150.7333,65,3.09,77
179,maputo,21.84,-25.9653,32.5892,20,2.06,83
180,batemans bay,7.6,-35.7167,150.1833,61,1.34,93
181,bandarbeyla,28.56,9.4942,50.8122,74,3.56,76
182,saskylakh,-0.6,71.9167,114.0833,97,5.24,94
183,quebec,18.32,46.8123,-71.2145,55,2.57,48
184,bhadasar,25.39,28.2833,74.3167,0,3.0,18
185,pisco,22.19,-13.7,-76.2167,0,9.26,68
186,tessalit,33.35,20.1986,1.0114,0,3.76,6
187,teluknaga,26.79,-6.0989,106.6381,20,1.54,78
188,aksu,12.93,41.1231,80.2644,11,2.2,31
189,rudbar,24.03,30.15,62.6,3,4.21,12
190,ormara,27.02,25.2088,64.6357,0,0.91,78
191,kavieng,27.23,-2.5744,150.7967,68,3.44,78
192,lovozero,0.2,68.005,35.0117,100,2.14,97
193,umm lajj,29.66,25.0213,37.2685,0,2.6,42
194,mount isa,20.0,-20.7333,139.5,2,3.09,40
195,hithadhoo,28.42,-0.6,73.0833,15,3.27,69
196,kavaratti,28.85,10.5669,72.642,27,3.45,75
197,zhigansk,0.46,66.7697,123.3711,100,3.88,98
198,hobart,8.37,-42.8794,147.3294,40,4.12,81
199,iberia,28.11,29.9502,-91.7507,75,6.69,69
200,bilma,33.46,18.6853,12.9164,2,4.39,10
201,sal rei,23.0,16.1833,-22.9167,75,8.75,68
202,talnakh,-0.85,69.4865,88.3972,100,7.23,97
203,fairbanks,11.0,64.8378,-147.7164,1,2.57,32
204,saint george,26.35,37.1041,-113.5841,1,9.26,14
205,campbell river,9.36,50.0163,-125.2446,90,4.12,93
206,nome,2.59,64.5011,-165.4064,1,0.85,69
207,tilichiki,-3.22,60.4667,166.1,100,1.61,90
208,alofi,25.0,-19.0595,-169.9187,69,1.03,100
209,tazmalt,19.12,36.3868,4.3989,87,1.97,57
210,vuktyl,5.87,63.8567,57.3094,100,3.39,80
211,solone,2.89,48.2081,34.8721,0,1.0,75
212,erzin,19.9,36.9559,36.2,0,1.54,49
213,clovis,20.93,36.8252,-119.7029,90,2.57,26
214,alzamay,-4.48,55.5562,98.6644,45,0.92,98
215,kainantu,15.74,-6.2887,145.8655,93,0.15,96
216,longyearbyen,-4.0,78.2186,15.6401,75,2.06,68
217,katsuura,15.26,35.1333,140.3,20,5.14,63
218,port shepstone,19.74,-30.7414,30.455,11,3.97,87
219,ilulissat,5.0,69.2167,-51.1,40,3.09,60
220,viedma,16.6,-40.8135,-62.9967,95,6.48,56
221,port-cartier,9.49,50.0334,-66.8654,75,7.2,46
222,chimoio,20.0,-19.1164,33.4833,40,2.06,88
223,namibe,26.06,-15.1961,12.1522,0,3.43,76
224,amapa,25.38,1.0,-52.0,100,1.48,97
225,bosansko grahovo,3.33,44.1794,16.3639,6,4.47,62
226,saiha,19.3,22.4833,92.9667,97,1.84,32
227,olafsvik,6.72,64.8945,-23.7142,100,8.32,83
228,nikolskoye,3.57,59.7035,30.7861,0,2.0,65
229,luganville,27.01,-15.5333,167.1667,79,3.27,84
230,bend,11.04,44.0582,-121.3153,75,2.06,54
231,kieta,25.96,-6.2167,155.6333,51,0.3,82
232,fallon,18.68,39.4735,-118.7774,75,4.12,19
233,ocos,29.93,14.5094,-92.1933,90,2.57,65
234,bubaque,25.85,11.2833,-15.8333,12,9.7,67
235,hasaki,8.63,35.7333,140.8333,20,2.06,93
236,laramie,11.25,41.3114,-105.5911,1,6.69,19
237,ler,28.21,8.3018,30.1418,91,1.57,54
238,lichuan,9.61,30.3,108.85,100,1.57,95
239,manaure,32.29,11.7751,-72.4445,97,6.57,50
240,makakilo city,25.82,21.3469,-158.0858,1,4.12,54
241,labuhan,24.98,-6.8844,112.2051,20,2.63,84
242,yulara,11.0,-25.2406,130.9889,35,3.09,62
243,fort frances,3.92,48.5999,-93.4003,75,5.66,35
244,evensk,-6.69,61.95,159.2333,100,5.17,78
245,boguchany,0.52,58.3814,97.4531,100,1.11,99
246,valera,29.18,9.3178,-70.6036,86,1.33,65
247,okitipupa,25.41,6.5047,4.7839,83,1.35,90
248,petit goave,31.0,18.4314,-72.8669,75,6.17,58
249,hofn,8.27,64.2539,-15.2082,100,3.21,86
250,molteno,10.16,-31.3968,26.3625,71,1.63,26
251,orlik,-5.77,52.5178,99.825,100,0.68,91
252,camacha,18.0,33.0833,-16.3333,20,7.2,68
253,palmer,20.57,42.1584,-72.3287,75,5.14,19
254,murgab,20.0,37.4966,61.9714,90,2.06,42
255,laiwu,12.25,36.1928,117.6569,100,3.24,71
256,ucluelet,9.28,48.9329,-125.5528,90,4.12,93
257,moses lake,11.42,47.1301,-119.2781,90,2.57,82
258,tecoanapa,29.96,16.5167,-98.75,98,5.16,56
259,santa cruz del sur,30.02,20.7147,-77.9956,3,6.44,55
260,ratingen,10.02,51.2972,6.8493,0,4.63,46
261,mae sai,27.11,20.4335,99.8762,40,3.6,74
262,ancud,12.79,-41.8697,-73.8203,75,4.12,77
263,tasiilaq,3.0,65.6145,-37.6368,75,0.51,75
264,porto novo,30.0,6.4965,2.6036,40,5.66,74
265,nabire,23.59,-3.3667,135.4833,100,1.61,94
266,jacareacanga,29.35,-6.2222,-57.7528,100,0.85,73
267,yilan,21.67,24.757,121.753,98,1.44,99
268,pangnirtung,1.0,66.1451,-65.7125,1,3.6,80
269,sisimiut,5.23,66.9395,-53.6735,1,1.55,66
270,saldanha,16.0,-33.0117,17.9442,91,2.57,77
271,lorengau,27.29,-2.0226,147.2712,93,1.93,76
272,sakakah,28.0,29.9697,40.2064,40,3.6,11
273,bintulu,25.78,3.1667,113.0333,40,2.1,94
274,port hedland,20.0,-20.3167,118.5667,0,3.09,60
275,mokrousovo,5.82,55.8103,66.7653,100,5.19,47
276,teacapan,28.63,22.55,-105.75,60,5.06,43
277,bay roberts,12.0,47.5999,-53.2648,40,12.86,35
278,bulungu,21.79,-4.55,18.6,100,1.17,93
279,omsukchan,-17.54,62.5333,155.8,100,1.96,96
280,javornik,3.0,50.3908,17.0027,100,0.77,73
281,balakhta,0.09,55.38,91.6,98,1.64,98
282,half moon bay,15.65,37.4636,-122.4286,75,4.63,71
283,pierre,9.87,44.3683,-100.351,20,3.04,36
284,touros,28.0,-5.1989,-35.4608,20,5.14,74
285,nanortalik,5.5,60.1432,-45.2371,100,1.89,75
286,klaksvik,8.0,62.2266,-6.589,100,3.09,81
287,santa vitoria do palmar,21.15,-33.5189,-53.3681,100,2.36,78
288,panzhihua,18.71,26.5851,101.7128,18,0.89,32
289,de-kastri,-3.21,51.4667,140.7833,12,2.29,85
290,sao joao da barra,27.0,-21.6403,-41.0511,40,4.12,65
291,cairns,22.89,-16.9167,145.7667,75,3.6,100
292,cachoeira do sul,17.96,-30.0392,-52.8939,100,1.14,97
293,cabo san lucas,25.04,22.8909,-109.9124,1,2.57,43
294,batagay-alyta,-8.69,67.8006,130.4114,100,2.51,83
295,karpogory,8.09,64.0019,44.4451,17,3.73,65
296,tarauaca,27.5,-8.1614,-70.7656,48,1.33,91
297,akdepe,16.0,42.0551,59.3788,0,4.12,31
298,hamilton,10.35,39.1834,-84.5333,90,1.54,82
299,tual,29.2,-5.6667,132.75,100,7.09,65
300,solnechnyy,-4.13,50.7214,136.6319,76,3.17,76
301,novikovo,3.19,51.1537,37.8879,2,5.74,66
302,westport,19.91,41.1415,-73.3579,1,7.2,24
303,hibbing,4.15,47.4272,-92.9377,20,5.66,38
304,jalu,19.08,29.0331,21.5482,0,10.57,63
305,leninsk,6.84,48.7119,45.1994,0,3.0,81
306,puerto suarez,32.0,-18.95,-57.8,0,3.09,51
307,sitka,14.0,57.0531,-135.33,1,0.8,30
308,gouyave,30.0,12.1646,-61.7296,20,15.43,62
309,zaqatala,15.0,41.6336,46.6433,0,3.09,77
310,datong,10.14,40.0936,113.2914,100,2.29,63
311,provideniya,2.79,64.3833,-173.3,99,0.24,80
312,padang,24.75,-0.9492,100.3543,68,1.13,87
313,tailai,6.81,46.3833,123.4,4,3.68,28
314,iqaluit,0.77,63.7506,-68.5145,40,1.54,80
315,ihosy,18.6,-22.4,46.1167,91,3.7,87
316,codrington,10.46,-38.2667,141.9667,96,2.19,89
317,durban,19.36,-29.8579,31.0292,40,5.66,83
318,marsabit,20.42,2.3284,37.9899,79,3.93,72
319,kirakira,26.28,-10.4544,161.9205,100,2.26,82
320,port augusta,11.0,-32.5,137.7667,0,2.06,87
321,escanaba,9.0,45.7453,-87.0646,90,2.57,66
322,cidreira,22.5,-30.1811,-50.2056,24,4.96,77
323,livingston,7.5,55.9029,-3.5226,0,4.12,81
324,polovinnoye,6.46,54.7914,65.9864,100,6.4,47
325,pevek,-5.95,69.7008,170.3133,100,1.11,86
326,jieshi,22.2,22.8134,115.8257,81,3.05,88
327,port hardy,9.0,50.6996,-127.4199,90,2.06,93
328,esperance,14.0,-33.8667,121.9,31,6.17,77
329,unity,4.47,52.4501,-109.1682,82,3.03,24
330,mamallapuram,29.0,12.6264,80.1722,40,2.06,79
331,deputatskiy,-12.04,69.3,139.9,100,1.46,83
332,kaitangata,7.78,-46.2817,169.8464,28,0.89,87
333,banepa,16.0,27.6298,85.5214,20,2.06,59
334,manitouwadge,-0.7,49.1215,-85.8403,90,6.17,80
335,kidal,33.62,18.4411,1.4078,0,4.48,6
336,lagoa,14.96,39.05,-27.9833,18,11.86,83
337,hambantota,25.0,6.1241,81.1185,20,1.03,100
338,kijang,15.0,35.2442,129.2139,0,0.51,72
339,vao,24.47,-22.6667,167.4833,100,6.28,68
340,vila franca do campo,15.0,37.7167,-25.4333,75,4.12,82
341,fortuna,13.15,40.5982,-124.1573,20,4.63,71
342,mpwapwa,18.17,-6.35,36.4833,74,1.91,97
343,port-gentil,28.0,-0.7193,8.7815,40,2.57,83
344,chanthaburi,26.11,12.8333,102.1667,81,1.3,99
345,macherla,29.32,16.4833,79.4333,3,4.21,63
346,vila velha,26.0,-20.3297,-40.2925,20,5.14,69
347,shaowu,19.5,27.3409,117.4831,100,1.06,98
348,zhezkazgan,6.97,47.8043,67.7144,80,6.98,32
349,miles city,10.0,46.4083,-105.8406,20,6.17,40
350,clearlake,14.14,38.9582,-122.6264,100,2.24,65
351,bangkalan,26.0,-7.0455,112.7351,40,1.54,94
352,plettenberg bay,16.39,-34.0527,23.3716,84,1.89,91
353,torbay,12.0,47.6666,-52.7314,40,12.86,35
354,shadrinsk,6.56,56.0852,63.6335,99,5.56,47
355,port keats,20.6,-14.25,129.55,78,3.8,33
356,carlagan,25.39,14.975,122.0456,27,1.87,82
357,dunedin,10.0,-45.8742,170.5036,79,3.58,71
358,aldergrove,9.93,49.058,-122.4709,90,2.57,81
359,henties bay,18.3,-22.116,14.2845,0,2.73,82
360,portland,9.46,45.5234,-122.6762,90,2.57,81
361,sartana,7.78,47.1744,37.6927,20,2.68,100
362,faya,15.0,18.3851,42.4509,75,4.12,67
363,palmerston,19.0,-12.486,130.9833,98,1.54,63
364,kalmunai,26.38,7.4167,81.8167,18,0.74,77
365,shingu,11.86,33.7333,135.9833,6,2.0,88
366,usogorsk,6.75,63.4106,48.6872,44,2.49,72
367,dandong,9.15,40.1292,124.3947,5,5.77,42
368,kautokeino,-4.36,69.0125,23.0412,100,7.37,82
369,paita,30.0,-5.0892,-81.1144,0,6.69,51
370,tuatapere,8.33,-46.1333,167.6833,100,1.34,91
371,fayetteville,16.48,35.0527,-78.8784,90,4.12,88
372,camacupa,19.65,-12.0167,17.4833,94,1.62,58
373,port blair,27.45,11.6667,92.75,4,2.56,74
374,phalaborwa,21.0,-23.943,31.1411,5,0.51,78
375,lethem,32.33,3.3803,-59.7968,98,3.81,49
376,beloha,24.02,-25.1667,45.05,7,5.83,60
377,tommot,-0.44,58.9564,126.2925,99,2.89,95
378,mackay,19.77,-21.15,149.2,90,3.09,100
379,ambon,25.0,-3.6954,128.1814,40,2.06,94
380,senneterre,13.0,48.3835,-77.2328,40,3.6,38
381,birsk,5.66,55.4211,55.5428,100,2.65,95
382,horodnya,1.17,51.8909,31.5974,47,4.17,76
383,nyzy,2.14,50.7828,34.7844,3,4.09,69
384,altamira,26.0,-3.2033,-52.2064,75,1.54,89
385,semey,3.84,50.4111,80.2275,13,1.87,42
386,kharan,26.75,28.5833,65.4167,0,4.04,11
387,cuiluan,0.05,47.72,128.648,8,1.71,58
388,maumere,25.93,-8.6199,122.2111,10,1.99,78
389,tungi,29.0,23.89,90.4058,40,1.98,61
390,bathsheba,29.0,13.2167,-59.5167,40,8.75,58
391,general teran,35.0,25.2667,-99.6833,0,6.34,10
392,ada,12.49,43.4166,-116.1262,75,1.54,62
393,kailua,25.16,21.4022,-157.7394,40,6.69,65
394,codajas,29.22,-3.8367,-62.0569,73,1.3,77
395,nanakuli,25.04,21.3906,-158.1547,1,4.12,54
396,rantepao,18.53,-2.9701,119.8978,99,1.1,97
397,aykhal,-6.9,66.0,111.5,100,2.68,96
398,kiunga,22.54,-6.1219,141.2906,100,2.64,98
399,grenaa,2.97,56.4158,10.8783,20,2.06,56
400,san policarpo,24.72,12.1791,125.5072,80,2.31,88
401,qaqortoq,13.0,60.7167,-46.0333,75,11.32,33
402,puerto escondido,32.0,15.85,-97.0667,75,6.17,74
403,ostrovnoy,2.22,68.0531,39.5131,100,2.23,99
404,klyuchi,3.82,52.2667,79.1667,3,1.09,45
405,charters towers,18.9,-20.1,146.2667,100,4.28,89
406,juba,23.62,4.8517,31.5825,100,2.98,79
407,ust-nera,-19.5,64.5667,143.2,19,0.62,92
408,madimba,24.23,-10.4,40.3333,100,3.47,91
409,bandar-e lengeh,28.41,26.5579,54.8807,1,3.03,36
410,brae,6.0,60.3964,-1.353,75,4.63,75
411,marawi,24.44,7.9986,124.2928,58,2.68,90
412,lasa,13.78,46.6166,10.7002,0,1.54,49
413,chato,19.07,-2.6378,31.7669,100,1.93,91
414,la palma,18.04,33.8464,-118.0467,90,3.09,63
415,canavieiras,26.06,-15.675,-38.9472,69,2.76,74
416,palu,23.95,-0.8917,119.8707,78,1.51,94
417,shu,7.59,43.5983,73.7614,99,2.18,37
418,muros,16.39,42.7762,-9.0603,94,4.47,89
419,lianzhou,19.24,24.7811,112.3825,100,3.14,95
420,katherine,15.0,-14.4667,132.2667,96,1.54,63
421,peleduy,-4.89,59.6289,112.7406,100,0.41,98
422,bam,27.04,29.106,58.357,92,3.58,20
423,rocha,18.63,-34.4833,-54.3333,100,3.16,90
424,agadir,19.0,30.4202,-9.5982,20,6.69,63
425,sioux lookout,3.0,50.1001,-91.917,40,4.12,32
426,nikel,0.0,69.4128,30.222,75,6.69,100
427,leningradskiy,-3.77,69.3833,178.4167,100,2.15,87
428,amazar,-0.54,53.858,120.875,83,0.35,66
429,skofljica,9.44,45.9833,14.5767,0,0.51,57
430,ozinki,9.41,51.1786,49.6769,24,6.7,88
431,mitu,30.72,1.1983,-70.1733,100,1.4,59
432,prince rupert,9.75,54.3161,-130.3201,1,2.06,71
433,ketchikan,13.0,55.3422,-131.6461,1,5.14,41
434,taga,6.99,46.95,24.05,0,0.51,53
435,jinan,13.33,36.6683,116.9972,100,1.34,81
436,gubkinskiy,0.89,64.434,76.5026,100,2.98,94
437,wanning,25.3,18.8003,110.3967,53,3.88,92
438,tateyama,15.3,34.9833,139.8667,6,2.24,58
439,calamar,30.0,10.2511,-74.9146,20,5.14,74
440,horsham,8.38,51.064,-0.3272,0,5.66,49
441,bhindar,26.56,24.5,74.1833,82,4.45,18
442,montepuez,20.31,-13.1256,38.9997,100,2.36,97
443,freeport,18.32,40.6576,-73.5832,1,6.69,26
444,cabedelo,28.0,-6.9811,-34.8339,20,3.6,74
445,sawakin,28.96,19.1059,37.3321,86,3.18,58
446,uzunovo,2.47,54.5386,38.6173,100,5.42,95
447,piacabucu,26.97,-10.4056,-36.4344,47,3.52,74
448,mandalgovi,8.63,45.7625,106.2708,100,0.82,82
449,athmallik,27.08,20.7219,84.5348,1,1.83,40
450,nazret,22.02,8.55,39.2667,89,2.03,49
451,beian,1.4,63.6559,9.5683,75,5.14,87
452,cholet,19.82,47.1667,-1.0,0,5.14,32
453,calama,19.0,-22.4667,-68.9333,40,10.8,32
454,mbini,27.0,1.574,9.6134,40,2.63,94
455,buchanan,30.0,5.8808,-10.0467,40,3.09,79
456,caohai,14.99,26.8661,104.2841,91,1.72,84
457,gazanjyk,22.59,39.2446,55.5154,69,4.37,46
458,chittaurgarh,26.3,24.8833,74.6333,90,2.82,11
459,luanda,26.0,-8.8368,13.2343,40,1.54,83
460,avera,18.44,33.194,-82.5271,90,5.14,90
461,tarko-sale,1.11,64.9225,77.785,100,2.68,89
462,flinders,10.46,-34.5833,150.8552,0,0.45,81
463,jinka,17.91,5.65,36.65,96,1.25,85
464,osmena,26.02,10.5208,119.9258,100,2.5,83
465,ardabil,12.13,38.2498,48.2933,1,0.57,76
466,souillac,26.0,-20.5167,57.5167,75,7.72,83
467,youkounkoun,34.21,12.5333,-13.1333,7,1.95,12
468,ranong,26.17,9.9658,98.6348,87,3.13,86
469,scituate,21.36,42.1959,-70.7259,20,5.14,20
470,narsaq,13.0,60.9167,-46.05,75,11.32,33
471,krasne,2.89,49.9145,24.6134,0,2.39,75
472,sobolevo,1.38,54.4299,31.8996,94,4.98,78
473,orda,4.98,57.1951,56.9091,100,4.45,79
474,kameno,10.0,42.5667,27.3,40,3.09,87
475,yagodnoye,-17.93,62.55,149.6667,95,1.58,98
476,vostok,-3.97,46.4856,135.8833,9,2.82,51
477,boende,22.29,-0.2167,20.8667,45,1.47,92
478,arlit,32.47,18.7369,7.3853,5,0.95,8
479,tahta,27.05,26.7693,31.5021,0,4.12,17
480,benghazi,16.88,32.1167,20.0667,5,9.28,83
481,kinsale,11.0,51.7075,-8.5306,40,4.63,58
482,nizhniy kuranakh,-0.42,58.8353,125.4869,100,2.41,97
483,scottsbluff,15.52,41.8666,-103.6672,1,8.75,47
484,el alto,30.0,-4.2714,-81.2147,0,6.69,51
485,nemuro,2.23,43.3236,145.575,100,5.6,94
486,corciano,10.08,43.129,12.2874,54,5.14,44
487,sur,30.07,22.5667,59.5289,1,5.82,38
488,igarapava,29.0,-20.0383,-47.7469,0,3.09,26
489,ereymentau,5.32,51.6199,73.1033,100,7.15,41
490,arroyo,14.0,41.6096,-4.7969,40,3.6,67
491,biskamzha,-2.71,53.4497,89.5272,100,1.21,98
492,west richland,12.94,46.3043,-119.3614,90,7.2,54
493,boueni,28.0,-12.9025,45.0761,75,3.09,78
494,bambanglipuro,23.85,-7.95,110.2833,21,1.59,83
495,petropavlovsk-kamchatskiy,1.0,53.0452,158.6483,90,3.0,100
496,ahar,12.31,38.4774,47.0699,59,1.98,81
497,junction city,17.75,39.0286,-96.8314,1,3.6,36
498,goderich,14.0,43.7501,-81.7165,100,2.06,38
499,izhma,7.05,65.0083,53.9113,98,2.43,83
500,douglas,14.67,41.3,-96.167,1,5.14,38
501,usinsk,2.62,65.9939,57.5281,97,3.6,90
502,laizhou,9.12,37.1717,119.9214,81,4.55,87
503,rapid valley,9.69,44.0625,-103.1463,20,7.2,49
504,okhotsk,-10.63,59.3833,143.3,29,7.58,72
505,gayny,5.06,60.3071,54.3241,100,3.85,94
506,victor harbor,13.33,-35.5667,138.6167,41,1.91,84
507,kloulklubed,28.0,7.0419,134.2556,75,4.63,83
508,honiara,25.93,-9.4333,159.95,79,0.9,83
509,khandyga,-13.69,62.6667,135.6,99,1.2,97
510,road town,28.42,18.4167,-64.6167,20,4.63,65
511,koubia,30.2,11.5833,-11.9,91,1.96,19
512,isla vista,17.42,34.4133,-119.861,40,4.12,59
513,west plains,14.16,36.7281,-91.8524,90,4.63,82
514,nelson bay,10.63,-32.7167,152.15,0,3.09,93
515,merauke,25.05,-8.4667,140.3333,96,2.83,91
516,ossora,-0.52,59.2353,163.0719,100,1.46,97
517,san francisco del valle,28.66,14.4333,-88.95,40,4.12,51
518,whitehorse,6.23,60.7161,-135.0538,1,3.6,36
519,yarada,28.0,17.65,83.2667,40,1.03,89
520,banikoara,31.79,11.2985,2.4386,64,3.65,37
521,beringovskiy,-0.63,63.05,179.3167,100,2.65,93
522,saint-francois,16.09,46.4154,3.9054,0,3.6,48
523,rio grande,22.8,-32.035,-52.0986,40,3.6,64
524,te anau,9.39,-45.4167,167.7167,100,2.88,92
525,sharlyk,5.48,52.9167,54.75,78,3.03,95
526,komsomolskiy,16.0,40.4272,71.7189,53,2.06,48
527,cody,11.52,44.5263,-109.0565,20,2.57,50
528,south lake tahoe,7.02,38.9332,-119.9844,75,9.77,42
529,poum,25.68,-20.2333,164.0167,92,6.92,81
530,zonguldak,7.9,41.25,31.8333,100,1.56,95
531,blagoyevo,7.16,63.3667,47.9167,60,2.7,72
532,kralendijk,29.0,12.15,-68.2667,75,9.26,65
533,chapais,9.0,49.7834,-74.8492,1,5.14,40
534,sete,14.48,43.4018,3.6966,0,3.09,88
535,karratha,25.49,-20.7377,116.8463,0,3.77,35
536,kushiro,4.76,42.975,144.3747,100,4.55,92
537,basqal,10.0,40.7552,48.391,47,3.09,87
538,waipawa,10.15,-41.4122,175.5153,40,1.54,100
539,melfi,6.67,40.9965,15.6514,0,0.89,64
540,guangyuan,13.96,32.442,105.823,100,2.26,88
541,buala,26.61,-8.145,159.5921,58,0.79,81
542,emba,7.25,48.8264,58.1442,5,3.41,81
543,pringsewu,23.29,-5.3582,104.9744,94,1.55,91
544,jimo,13.0,36.3897,120.4622,75,2.0,76
545,pitsunda,10.43,43.1592,40.3378,40,4.03,93
546,strezhevoy,4.0,60.7333,77.5889,0,2.0,87
547,otukpo,25.96,7.1913,8.1329,60,2.95,80
548,fairlie,10.7,55.756,-4.8556,52,6.17,58
549,lompoc,13.62,34.6391,-120.4579,85,3.6,67
550,salamanca,15.0,40.8333,-6.0,0,4.63,63
551,baker city,5.77,44.7749,-117.8344,90,6.17,54
552,russell,23.37,32.3502,-85.1999,1,4.63,57
553,adrar,31.19,20.5022,-10.0711,13,4.0,11
554,bogorodskoye,1.64,56.55,37.8833,100,6.81,98
555,sychevka,0.69,55.8252,34.2736,8,4.58,75
556,mingshui,13.33,36.7167,117.5,100,1.34,81
557,shahreza,17.84,32.0339,51.8794,25,1.18,35
558,raudeberg,3.33,61.9875,5.1352,72,7.67,73
559,broome,17.58,42.2506,-75.833,1,2.28,29
560,severo-kurilsk,1.5,50.6789,156.125,100,2.68,97
561,akyab,26.4,20.15,92.9,51,3.85,75
562,harnosand,3.84,62.6323,17.9379,75,5.66,35
563,qui nhon,26.31,13.7667,109.2333,8,1.39,84
564,agirish,6.08,61.9247,63.0231,100,1.85,90
565,nkoteng,21.73,4.5167,12.0333,97,1.92,90
566,rottingdean,8.96,50.8098,-0.0594,0,6.17,46
